model,accuracy_mean,accuracy_std,recall_mean,recall_std,f1_score_mean,f1_score_std
BERT with euclidean distance,0.5233333333333333,0.07363574011458174,0.332971324787864,0.06630821143263886,0.4209863818090954,0.1482564641827803
BERT with cosine distance,0.5366666666666666,0.0590668171555645,0.338565415101274,0.060876949147491755,0.3819777423272974,0.11415697771428049
Flair with euclidean distance,0.25,0.016329931618554526,0.12761052605563117,0.008796904314752663,0.2046715963191059,0.11211846329879892
Flair with cosine distance,0.5633333333333334,0.0410960933531265,0.37447224230080023,0.03260449685910801,0.48177581838451405,0.1627052163540565
OneHot with cosine distance,0.5666666666666668,0.06548960901462834,0.34833247066125206,0.06185286076691779,0.5201246519597343,0.12031870875802794
Keywords matching,0.37000000000000005,0.06480740698407861,0.2076492598580952,0.04964954573378718,0.22172421071698042,0.10614878131436736
